codon	lambda1	lambda2	lambda3	tau1	tau2	tau3	tot
AAA	 0.01212267	 0.06880885	 0.06880809	 82.490	 14.533	 14.533	111.556
AAC	 0.01339633	 0.09762887	 0.09762969	 74.647	 10.243	 10.243	 95.133
AAG	 0.01123006	 0.10078321	 0.10077592	 89.047	  9.922	  9.923	108.892
AAT	 0.01491865	 0.06814690	 0.06814932	 67.030	 14.674	 14.674	 96.378
ACA	 0.01951450	 0.06949708	 0.06949773	 51.244	 14.389	 14.389	 80.022
ACC	 0.01416888	 0.13908320	 0.13907950	 70.577	  7.190	  7.190	 84.957
ACG	 0.01732766	 0.06140855	 0.06140845	 57.711	 16.284	 16.284	 90.280
ACT	 0.01467519	 0.11811896	 0.11811728	 68.142	  8.466	  8.466	 85.074
AGA	 0.01084317	 0.11359535	 0.11359534	 92.224	  8.803	  8.803	109.830
AGC	 0.01372451	 0.07083653	 0.07083517	 72.862	 14.117	 14.117	101.097
AGG	 0.01349620	 0.06401423	 0.06401165	 74.095	 15.622	 15.622	105.339
AGT	 0.01461941	 0.06798336	 0.06798635	 68.402	 14.709	 14.709	 97.821
ATA	 0.01777573	 0.05638684	 0.05638376	 56.256	 17.735	 17.736	 91.727
ATC	 0.01269714	 0.09959033	 0.09958442	 78.758	 10.041	 10.042	 98.841
ATG	 0.01428623	 0.08167434	 0.08167724	 69.997	 12.244	 12.243	 94.485
ATT	 0.01241179	 0.08628740	 0.08628255	 80.569	 11.589	 11.590	103.748
CAA	 0.01692008	 0.10704115	 0.10702810	 59.101	  9.342	  9.343	 77.787
CAC	 0.01869374	 0.15059794	 0.15061753	 53.494	  6.640	  6.639	 66.773
CAG	 0.02124650	 0.06028663	 0.06029289	 47.067	 16.587	 16.586	 80.240
CAT	 0.02308662	 0.08186135	 0.08186379	 43.315	 12.216	 12.215	 67.746
CCA	 0.01244172	 0.11500377	 0.11500840	 80.375	  8.695	  8.695	 97.765
CCC	 0.02126469	 0.06694204	 0.06694157	 47.026	 14.938	 14.938	 76.903
CCG	 0.01427401	 0.06473939	 0.06475349	 70.057	 15.447	 15.443	100.947
CCT	 0.01690144	 0.08302548	 0.08302517	 59.167	 12.044	 12.045	 83.256
CGA	 0.01735638	 0.07541742	 0.07541959	 57.616	 13.260	 13.259	 84.134
CGC	 0.01953918	 0.07131269	 0.07131400	 51.179	 14.023	 14.022	 79.224
CGG	 0.01791570	 0.05837555	 0.05838619	 55.817	 17.130	 17.127	 90.075
CGT	 0.01650390	 0.10900453	 0.10900895	 60.592	  9.174	  9.174	 78.939
CTA	 0.01414384	 0.07980957	 0.07980206	 70.702	 12.530	 12.531	 95.763
CTC	 0.01412002	 0.06700707	 0.06700422	 70.821	 14.924	 14.924	100.670
CTG	 0.01470725	 0.06557623	 0.06557678	 67.994	 15.249	 15.249	 98.492
CTT	 0.01519400	 0.06674195	 0.06674012	 65.815	 14.983	 14.983	 95.782
GAA	 0.01054557	 0.08152332	 0.08152545	 94.827	 12.266	 12.266	119.359
GAC	 0.01273556	 0.09891243	 0.09891330	 78.520	 10.110	 10.110	 98.740
GAG	 0.01167357	 0.06803446	 0.06803206	 85.664	 14.698	 14.699	115.061
GAT	 0.01271045	 0.08088459	 0.08088062	 78.675	 12.363	 12.364	103.403
GCA	 0.01672933	 0.07568168	 0.07568362	 59.775	 13.213	 13.213	 86.201
GCC	 0.01514793	 0.12528387	 0.12529560	 66.016	  7.982	  7.981	 81.979
GCG	 0.02196776	 0.06493423	 0.06493450	 45.521	 15.400	 15.400	 76.322
GCT	 0.01347822	 0.13965725	 0.13964646	 74.194	  7.160	  7.161	 88.515
GGA	 0.01299496	 0.06887911	 0.06887952	 76.953	 14.518	 14.518	105.989
GGC	 0.01422838	 0.08007915	 0.08008007	 70.282	 12.488	 12.488	 95.257
GGG	 0.01329726	 0.06849360	 0.06847878	 75.203	 14.600	 14.603	104.406
GGT	 0.01193471	 0.12606272	 0.12606836	 83.789	  7.933	  7.932	 99.654
GTA	 0.01647814	 0.06017619	 0.06015895	 60.686	 16.618	 16.623	 93.927
GTC	 0.01265660	 0.13998906	 0.13999885	 79.010	  7.143	  7.143	 93.296
GTG	 0.01387608	 0.07148174	 0.07148346	 72.066	 13.990	 13.989	100.045
GTT	 0.01237259	 0.11011598	 0.11011647	 80.824	  9.081	  9.081	 98.986
TAA	 0.00000000	 0.00000000	 0.00000000	NA	NA	NA	NA
TAC	 0.01130781	 0.09393789	 0.09394137	 88.434	 10.645	 10.645	109.725
TAG	 0.00000000	 0.00000000	 0.00000000	NA	NA	NA	NA
TAT	 0.01270151	 0.07126549	 0.07126759	 78.731	 14.032	 14.032	106.794
TCA	 0.01511775	 0.07366807	 0.07365712	 66.147	 13.574	 13.576	 93.298
TCC	 0.01261025	 0.11538834	 0.11538351	 79.301	  8.666	  8.667	 96.634
TCG	 0.01425734	 0.06372282	 0.06371933	 70.139	 15.693	 15.694	101.526
TCT	 0.01203962	 0.10499396	 0.10498856	 83.059	  9.524	  9.525	102.108
TGA	 0.00000000	 0.00000000	 0.00000000	NA	NA	NA	NA
TGC	 0.01790052	 0.07832550	 0.07831755	 55.864	 12.767	 12.769	 81.400
TGG	 0.01363885	 0.10052450	 0.10052155	 73.320	  9.948	  9.948	 93.216
TGT	 0.01596207	 0.09422247	 0.09422502	 62.649	 10.613	 10.613	 83.875
TTA	 0.01346104	 0.07462362	 0.07462616	 74.288	 13.401	 13.400	101.089
TTC	 0.01239204	 0.10473887	 0.10475143	 80.697	  9.548	  9.546	 99.791
TTG	 0.01009183	 0.08992646	 0.08992605	 99.090	 11.120	 11.120	121.331
TTT	 0.01460944	 0.07614183	 0.07614077	 68.449	 13.133	 13.134	 94.716
